,plate,sample_id,Well_Id,CR_bcs,Unnamed: 5,Treatment,Meta_Complex
AACGTGACAAACCTAGGAGG,1B,RPE1_WT_NT,O11,AAAGATGGTTGGAGGT-1,,G1_Big,RPE1_WT_NTG1_Big
AACGTGACAACACCAAGGAC,1B,RPE1_WT_NT,E11,AAAGATGGTTGGGACA-1,,G1_Big,RPE1_WT_NTG1_Big
AACGTGACAACCATGTTGCA,1B,RPE1_WT_NT,L11,AAAGATGGTTGGTAAA-1,,G1_Big,RPE1_WT_NTG1_Big
AACGTGACAACCGCAGTAGT,1B,RPE1_WT_NT,N11,AAAGATGGTTGGTGGA-1,,G1_Big,RPE1_WT_NTG1_Big
AACGTGACAACCGGAGACAT,1B,RPE1_WT_NT,C11,AAAGATGGTTGGTTTG-1,,G1_Big,RPE1_WT_NTG1_Big
AACGTGACAACCGTTAACAA,1B,RPE1_WT_NT,H11,AAAGATGGTTGTACAC-1,,G1_Big,RPE1_WT_NTG1_Big
AACGTGACAACGCGTACCAA,1B,RPE1_WT_NT,A11,AAAGATGGTTGTCGCG-1,,G1_Big,RPE1_WT_NTG1_Big
AACGTGACAATACGTAATCG,1B,RPE1_WT_NT,F11,AAAGATGGTTGTCTTT-1,,G1_Big,RPE1_WT_NTG1_Big
AACGTGACAATCATCCGTTA,1B,RPE1_WT_NT,I11,AAAGATGGTTGTGGAG-1,,G1_Big,RPE1_WT_NTG1_Big
AACGTGACAATCTAATCGGT,1B,RPE1_WT_NT,G11,AAAGATGGTTGTGGCC-1,,G1_Big,RPE1_WT_NTG1_Big
AACGTGACAATCTCTAGACT,1B,RPE1_WT_NT,K11,AAAGATGGTTGTTTGG-1,,G1_Big,RPE1_WT_NTG1_Big
AACGTGACAATGGACTGGTA,1B,RPE1_WT_NT,M11,AAAGATGGTTTAAGCC-1,,G1_Big,RPE1_WT_NTG1_Big
AACGTGACAATTCACCTGTG,1B,RPE1_WT_NT,P11,AAAGATGGTTTACTCT-1,,G1_Big,RPE1_WT_NTG1_Big
AACGTGACAATTGGTCAGTT,1B,RPE1_WT_NT,B11,AAAGATGGTTTAGCTG-1,,G1_Big,RPE1_WT_NTG1_Big
AACGTGACAATTGGTTCCAA,1B,RPE1_WT_NT,D11,AAAGATGGTTTAGGAA-1,,G1_Big,RPE1_WT_NTG1_Big
AACGTGACAATTGTACCTAC,1B,RPE1_WT_NT,J11,AAAGATGGTTTCCACC-1,,G1_Big,RPE1_WT_NTG1_Big
AGCTCCACTGACCTAGGAGG,1B,RPE1_WT_NT,O03,AAAGATGGTTTCGCTC-1,,G1_small,RPE1_WT_NTG1_small
AGCTCCACTGCACCAAGGAC,1B,RPE1_WT_NT,E03,AAAGATGGTTTGACAC-1,,G1_small,RPE1_WT_NTG1_small
AGCTCCACTGCCATGTTGCA,1B,RPE1_WT_NT,L03,AAAGATGGTTTGACTG-1,,G1_small,RPE1_WT_NTG1_small
AGCTCCACTGCCGCAGTAGT,1B,RPE1_WT_NT,N03,AAAGATGGTTTGCATG-1,,G1_small,RPE1_WT_NTG1_small
AGCTCCACTGCCGGAGACAT,1B,RPE1_WT_NT,C03,AAAGATGGTTTGGCGC-1,,G1_small,RPE1_WT_NTG1_small
AGCTCCACTGCCGTTAACAA,1B,RPE1_WT_NT,H03,AAAGATGGTTTGGGCC-1,,G1_small,RPE1_WT_NTG1_small
AGCTCCACTGCGCGTACCAA,1B,RPE1_WT_NT,A03,AAAGATGGTTTGTGTG-1,,G1_small,RPE1_WT_NTG1_small
AGCTCCACTGTACGTAATCG,1B,RPE1_WT_NT,F03,AAAGATGGTTTGTTGG-1,,G1_small,RPE1_WT_NTG1_small
AGCTCCACTGTCATCCGTTA,1B,RPE1_WT_NT,I03,AAAGATGGTTTGTTTC-1,,G1_small,RPE1_WT_NTG1_small
AGCTCCACTGTCTAATCGGT,1B,RPE1_WT_NT,G03,AAAGATGTCAAACAAG-1,,G1_small,RPE1_WT_NTG1_small
AGCTCCACTGTCTCTAGACT,1B,RPE1_WT_NT,K03,AAAGATGTCAAACCAC-1,,G1_small,RPE1_WT_NTG1_small
AGCTCCACTGTGGACTGGTA,1B,RPE1_WT_NT,M03,AAAGATGTCAAACCGT-1,,G1_small,RPE1_WT_NTG1_small
AGCTCCACTGTTCACCTGTG,1B,RPE1_WT_NT,P03,AAAGATGTCAAACGGG-1,,G1_small,RPE1_WT_NTG1_small
AGCTCCACTGTTGGTCAGTT,1B,RPE1_WT_NT,B03,AAAGATGTCAAAGACA-1,,G1_small,RPE1_WT_NTG1_small
AGCTCCACTGTTGGTTCCAA,1B,RPE1_WT_NT,D03,AAAGATGTCAAAGTAG-1,,G1_small,RPE1_WT_NTG1_small
AGCTCCACTGTTGTACCTAC,1B,RPE1_WT_NT,J03,AAAGATGTCAACACAC-1,,G1_small,RPE1_WT_NTG1_small
CGATGACTCCACCTAGGAGG,1B,RPE1_WT_NT,O09,AAAGATGTCAACACCA-1,,G1_Big,RPE1_WT_NTG1_Big
CGATGACTCCCACCAAGGAC,1B,RPE1_WT_NT,E09,AAAGATGTCAACACGT-1,,G1_Big,RPE1_WT_NTG1_Big
CGATGACTCCCCATGTTGCA,1B,RPE1_WT_NT,L09,AAAGATGTCAACACTG-1,,G1_Big,RPE1_WT_NTG1_Big
CGATGACTCCCCGCAGTAGT,1B,RPE1_WT_NT,N09,AAAGATGTCAACCAAC-1,,G1_Big,RPE1_WT_NTG1_Big
CGATGACTCCCCGGAGACAT,1B,RPE1_WT_NT,C09,AAAGATGTCAACCATG-1,,G1_Big,RPE1_WT_NTG1_Big
CGATGACTCCCCGTTAACAA,1B,RPE1_WT_NT,H09,AAAGATGTCAACGAAA-1,,G1_Big,RPE1_WT_NTG1_Big
CGATGACTCCCGCGTACCAA,1B,RPE1_WT_NT,A09,AAAGATGTCAACGCTA-1,,G1_Big,RPE1_WT_NTG1_Big
CGATGACTCCTACGTAATCG,1B,RPE1_WT_NT,F09,AAAGATGTCAACGGCC-1,,G1_Big,RPE1_WT_NTG1_Big
CGATGACTCCTCATCCGTTA,1B,RPE1_WT_NT,I09,AAAGATGTCAACGGGA-1,,G1_Big,RPE1_WT_NTG1_Big
CGATGACTCCTCTAATCGGT,1B,RPE1_WT_NT,G09,AAAGATGTCAACTCTT-1,,G1_Big,RPE1_WT_NTG1_Big
CGATGACTCCTCTCTAGACT,1B,RPE1_WT_NT,K09,AAAGATGTCAAGAAGT-1,,G1_Big,RPE1_WT_NTG1_Big
CGATGACTCCTGGACTGGTA,1B,RPE1_WT_NT,M09,AAAGATGTCAAGATCC-1,,G1_Big,RPE1_WT_NTG1_Big
CGATGACTCCTTCACCTGTG,1B,RPE1_WT_NT,P09,AAAGATGTCAAGCCTA-1,,G1_Big,RPE1_WT_NTG1_Big
CGATGACTCCTTGGTCAGTT,1B,RPE1_WT_NT,B09,AAAGATGTCAAGGCTT-1,,G1_Big,RPE1_WT_NTG1_Big
CGATGACTCCTTGGTTCCAA,1B,RPE1_WT_NT,D09,AAAGATGTCAAGGTAA-1,,G1_Big,RPE1_WT_NTG1_Big
CGATGACTCCTTGTACCTAC,1B,RPE1_WT_NT,J09,AAAGATGTCAATAAGG-1,,G1_Big,RPE1_WT_NTG1_Big
CGGAATCCAAACCTAGGAGG,1B,RPE1_WT_NT,O15,AAAGATGTCAATACCG-1,,S_Phase,RPE1_WT_NTS_Phase
CGGAATCCAACACCAAGGAC,1B,RPE1_WT_NT,E15,AAAGATGTCAATCACG-1,,S_Phase,RPE1_WT_NTS_Phase
CGGAATCCAACCATGTTGCA,1B,RPE1_WT_NT,L15,AAAGATGTCAATCTCT-1,,S_Phase,RPE1_WT_NTS_Phase
CGGAATCCAACCGCAGTAGT,1B,RPE1_WT_NT,N15,AAAGATGTCACAAACC-1,,S_Phase,RPE1_WT_NTS_Phase
CGGAATCCAACCGGAGACAT,1B,RPE1_WT_NT,C15,AAAGATGTCACAACGT-1,,S_Phase,RPE1_WT_NTS_Phase
CGGAATCCAACCGTTAACAA,1B,RPE1_WT_NT,H15,AAAGATGTCACAATGC-1,,S_Phase,RPE1_WT_NTS_Phase
CGGAATCCAACGCGTACCAA,1B,RPE1_WT_NT,A15,AAAGATGTCACAGGCC-1,,S_Phase,RPE1_WT_NTS_Phase
CGGAATCCAATACGTAATCG,1B,RPE1_WT_NT,F15,AAAGATGTCACAGTAC-1,,S_Phase,RPE1_WT_NTS_Phase
CGGAATCCAATCATCCGTTA,1B,RPE1_WT_NT,I15,AAAGATGTCACATACG-1,,S_Phase,RPE1_WT_NTS_Phase
CGGAATCCAATCTAATCGGT,1B,RPE1_WT_NT,G15,AAAGATGTCACATAGC-1,,S_Phase,RPE1_WT_NTS_Phase
CGGAATCCAATCTCTAGACT,1B,RPE1_WT_NT,K15,AAAGATGTCACATGCA-1,,S_Phase,RPE1_WT_NTS_Phase
CGGAATCCAATGGACTGGTA,1B,RPE1_WT_NT,M15,AAAGATGTCACCACCT-1,,S_Phase,RPE1_WT_NTS_Phase
CGGAATCCAATTCACCTGTG,1B,RPE1_WT_NT,P15,AAAGATGTCACCAGGC-1,,S_Phase,RPE1_WT_NTS_Phase
CGGAATCCAATTGGTCAGTT,1B,RPE1_WT_NT,B15,AAAGATGTCACCATAG-1,,S_Phase,RPE1_WT_NTS_Phase
CGGAATCCAATTGGTTCCAA,1B,RPE1_WT_NT,D15,AAAGATGTCACCCGAG-1,,S_Phase,RPE1_WT_NTS_Phase
CGGAATCCAATTGTACCTAC,1B,RPE1_WT_NT,J15,AAAGATGTCACCCTCA-1,,S_Phase,RPE1_WT_NTS_Phase
CGGTAACGGTACCTAGGAGG,1B,RPE1_WT_NT,O17,AAAGATGTCACCGGGT-1,,S_Phase,RPE1_WT_NTS_Phase
CGGTAACGGTCACCAAGGAC,1B,RPE1_WT_NT,E17,AAAGATGTCACCGTAA-1,,S_Phase,RPE1_WT_NTS_Phase
CGGTAACGGTCCATGTTGCA,1B,RPE1_WT_NT,L17,AAAGATGTCACCTCGT-1,,S_Phase,RPE1_WT_NTS_Phase
CGGTAACGGTCCGCAGTAGT,1B,RPE1_WT_NT,N17,AAAGATGTCACCTTAT-1,,S_Phase,RPE1_WT_NTS_Phase
CGGTAACGGTCCGGAGACAT,1B,RPE1_WT_NT,C17,AAAGATGTCACGAAGG-1,,S_Phase,RPE1_WT_NTS_Phase
CGGTAACGGTCCGTTAACAA,1B,RPE1_WT_NT,H17,AAAGATGTCACGACTA-1,,S_Phase,RPE1_WT_NTS_Phase
CGGTAACGGTCGCGTACCAA,1B,RPE1_WT_NT,A17,AAAGATGTCACGATGT-1,,S_Phase,RPE1_WT_NTS_Phase
CGGTAACGGTTACGTAATCG,1B,RPE1_WT_NT,F17,AAAGATGTCACGCATA-1,,S_Phase,RPE1_WT_NTS_Phase
CGGTAACGGTTCATCCGTTA,1B,RPE1_WT_NT,I17,AAAGATGTCACGCGGT-1,,S_Phase,RPE1_WT_NTS_Phase
CGGTAACGGTTCTAATCGGT,1B,RPE1_WT_NT,G17,AAAGATGTCACGGTTA-1,,S_Phase,RPE1_WT_NTS_Phase
CGGTAACGGTTCTCTAGACT,1B,RPE1_WT_NT,K17,AAAGATGTCACTATTC-1,,S_Phase,RPE1_WT_NTS_Phase
CGGTAACGGTTGGACTGGTA,1B,RPE1_WT_NT,M17,AAAGATGTCACTCCTG-1,,S_Phase,RPE1_WT_NTS_Phase
CGGTAACGGTTTCACCTGTG,1B,RPE1_WT_NT,P17,AAAGATGTCACTCTTA-1,,S_Phase,RPE1_WT_NTS_Phase
CGGTAACGGTTTGGTCAGTT,1B,RPE1_WT_NT,B17,AAAGATGTCACTGGGC-1,,S_Phase,RPE1_WT_NTS_Phase
CGGTAACGGTTTGGTTCCAA,1B,RPE1_WT_NT,D17,AAAGATGTCACTTACT-1,,S_Phase,RPE1_WT_NTS_Phase
CGGTAACGGTTTGTACCTAC,1B,RPE1_WT_NT,J17,AAAGATGTCACTTATC-1,,S_Phase,RPE1_WT_NTS_Phase
CGGTTGAACGACCTAGGAGG,1B,RPE1_WT_NT,O02,AAAGATGTCACTTCAT-1,,G1_small,RPE1_WT_NTG1_small
CGGTTGAACGCACCAAGGAC,1B,RPE1_WT_NT,E02,AAAGATGTCAGAAATG-1,,G1_small,RPE1_WT_NTG1_small
CGGTTGAACGCCATGTTGCA,1B,RPE1_WT_NT,L02,AAAGATGTCAGAGACG-1,,G1_small,RPE1_WT_NTG1_small
CGGTTGAACGCCGCAGTAGT,1B,RPE1_WT_NT,N02,AAAGATGTCAGAGCTT-1,,G1_small,RPE1_WT_NTG1_small
CGGTTGAACGCCGGAGACAT,1B,RPE1_WT_NT,C02,AAAGATGTCAGAGGTG-1,,G1_small,RPE1_WT_NTG1_small
CGGTTGAACGCCGTTAACAA,1B,RPE1_WT_NT,H02,AAAGATGTCAGATAAG-1,,G1_small,RPE1_WT_NTG1_small
CGGTTGAACGCGCGTACCAA,1B,RPE1_WT_NT,A02,AAAGATGTCAGCAACT-1,,G1_small,RPE1_WT_NTG1_small
CGGTTGAACGTACGTAATCG,1B,RPE1_WT_NT,F02,AAAGATGTCAGCACAT-1,,G1_small,RPE1_WT_NTG1_small
CGGTTGAACGTCATCCGTTA,1B,RPE1_WT_NT,I02,AAAGATGTCAGCATGT-1,,G1_small,RPE1_WT_NTG1_small
CGGTTGAACGTCTAATCGGT,1B,RPE1_WT_NT,G02,AAAGATGTCAGCCTAA-1,,G1_small,RPE1_WT_NTG1_small
CGGTTGAACGTCTCTAGACT,1B,RPE1_WT_NT,K02,AAAGATGTCAGCGACC-1,,G1_small,RPE1_WT_NTG1_small
CGGTTGAACGTGGACTGGTA,1B,RPE1_WT_NT,M02,AAAGATGTCAGCGATT-1,,G1_small,RPE1_WT_NTG1_small
CGGTTGAACGTTCACCTGTG,1B,RPE1_WT_NT,P02,AAAGATGTCAGCTCGG-1,,G1_small,RPE1_WT_NTG1_small
CGGTTGAACGTTGGTCAGTT,1B,RPE1_WT_NT,B02,AAAGATGTCAGCTCTC-1,,G1_small,RPE1_WT_NTG1_small
CGGTTGAACGTTGGTTCCAA,1B,RPE1_WT_NT,D02,AAAGATGTCAGCTGGC-1,,G1_small,RPE1_WT_NTG1_small
CGGTTGAACGTTGTACCTAC,1B,RPE1_WT_NT,J02,AAAGATGTCAGCTTAG-1,,G1_small,RPE1_WT_NTG1_small
GACTAGGTCCACCTAGGAGG,1B,RPE1_WT_NT,O22,AAAGATGTCAGGATCT-1,,G2_M,RPE1_WT_NTG2_M
GACTAGGTCCCACCAAGGAC,1B,RPE1_WT_NT,E22,AAAGATGTCAGGCAAG-1,,G2_M,RPE1_WT_NTG2_M
GACTAGGTCCCCATGTTGCA,1B,RPE1_WT_NT,L22,AAAGATGTCAGGCCCA-1,,G2_M,RPE1_WT_NTG2_M
GACTAGGTCCCCGCAGTAGT,1B,RPE1_WT_NT,N22,AAAGATGTCAGGCGAA-1,,G2_M,RPE1_WT_NTG2_M
GACTAGGTCCCCGGAGACAT,1B,RPE1_WT_NT,C22,AAAGATGTCAGGTAAA-1,,G2_M,RPE1_WT_NTG2_M
GACTAGGTCCCCGTTAACAA,1B,RPE1_WT_NT,H22,AAAGATGTCAGGTTCA-1,,G2_M,RPE1_WT_NTG2_M
GACTAGGTCCCGCGTACCAA,1B,RPE1_WT_NT,A22,AAAGATGTCAGTACGT-1,,G2_M,RPE1_WT_NTG2_M
GACTAGGTCCTACGTAATCG,1B,RPE1_WT_NT,F22,AAAGATGTCAGTCAGT-1,,G2_M,RPE1_WT_NTG2_M
GACTAGGTCCTCATCCGTTA,1B,RPE1_WT_NT,I22,AAAGATGTCAGTCCCT-1,,G2_M,RPE1_WT_NTG2_M
GACTAGGTCCTCTAATCGGT,1B,RPE1_WT_NT,G22,AAAGATGTCAGTGCAT-1,,G2_M,RPE1_WT_NTG2_M
GACTAGGTCCTCTCTAGACT,1B,RPE1_WT_NT,K22,AAAGATGTCAGTGTTG-1,,G2_M,RPE1_WT_NTG2_M
GACTAGGTCCTGGACTGGTA,1B,RPE1_WT_NT,M22,AAAGATGTCAGTTAGC-1,,G2_M,RPE1_WT_NTG2_M
GACTAGGTCCTTCACCTGTG,1B,RPE1_WT_NT,P22,AAAGATGTCAGTTCGA-1,,G2_M,RPE1_WT_NTG2_M
GACTAGGTCCTTGGTCAGTT,1B,RPE1_WT_NT,B22,AAAGATGTCAGTTGAC-1,,G2_M,RPE1_WT_NTG2_M
GACTAGGTCCTTGGTTCCAA,1B,RPE1_WT_NT,D22,AAAGATGTCAGTTTGG-1,,G2_M,RPE1_WT_NTG2_M
GACTAGGTCCTTGTACCTAC,1B,RPE1_WT_NT,J22,AAAGATGTCATAAAGG-1,,G2_M,RPE1_WT_NTG2_M
GAGTTAGAACACCTAGGAGG,1B,RPE1_WT_NT,O07,AAAGATGTCATAACCG-1,,G1_Big,RPE1_WT_NTG1_Big
GAGTTAGAACCACCAAGGAC,1B,RPE1_WT_NT,E07,AAAGATGTCATACGGT-1,,G1_Big,RPE1_WT_NTG1_Big
GAGTTAGAACCCATGTTGCA,1B,RPE1_WT_NT,L07,AAAGATGTCATAGCAC-1,,G1_Big,RPE1_WT_NTG1_Big
GAGTTAGAACCCGCAGTAGT,1B,RPE1_WT_NT,N07,AAAGATGTCATATCGG-1,,G1_Big,RPE1_WT_NTG1_Big
GAGTTAGAACCCGGAGACAT,1B,RPE1_WT_NT,C07,AAAGATGTCATCACCC-1,,G1_Big,RPE1_WT_NTG1_Big
GAGTTAGAACCGCGTACCAA,1B,RPE1_WT_NT,A07,AAAGATGTCATCATTC-1,,G1_Big,RPE1_WT_NTG1_Big
GAGTTAGAACTACGTAATCG,1B,RPE1_WT_NT,F07,AAAGATGTCATCGATG-1,,G1_Big,RPE1_WT_NTG1_Big
GAGTTAGAACTCATCCGTTA,1B,RPE1_WT_NT,I07,AAAGATGTCATCGCTC-1,,G1_Big,RPE1_WT_NTG1_Big
GAGTTAGAACTCTAATCGGT,1B,RPE1_WT_NT,G07,AAAGATGTCATCGGAT-1,,G1_Big,RPE1_WT_NTG1_Big
GAGTTAGAACTCTCTAGACT,1B,RPE1_WT_NT,K07,AAAGATGTCATCTGCC-1,,G1_Big,RPE1_WT_NTG1_Big
GAGTTAGAACTGGACTGGTA,1B,RPE1_WT_NT,M07,AAAGATGTCATCTGTT-1,,G1_Big,RPE1_WT_NTG1_Big
GAGTTAGAACTTCACCTGTG,1B,RPE1_WT_NT,P07,AAAGATGTCATGCAAC-1,,G1_Big,RPE1_WT_NTG1_Big
GAGTTAGAACTTGGTCAGTT,1B,RPE1_WT_NT,B07,AAAGATGTCATGCATG-1,,G1_Big,RPE1_WT_NTG1_Big
GAGTTAGAACTTGGTTCCAA,1B,RPE1_WT_NT,D07,AAAGATGTCATGCTCC-1,,G1_Big,RPE1_WT_NTG1_Big
GAGTTAGAACTTGTACCTAC,1B,RPE1_WT_NT,J07,AAAGATGTCATGGTCA-1,,G1_Big,RPE1_WT_NTG1_Big
GCGTTACAGAACCTAGGAGG,1B,RPE1_WT_NT,O21,AAAGATGTCATGTAGC-1,,G2_M,RPE1_WT_NTG2_M
GCGTTACAGACACCAAGGAC,1B,RPE1_WT_NT,E21,AAAGATGTCATGTCCC-1,,G2_M,RPE1_WT_NTG2_M
GCGTTACAGACCATGTTGCA,1B,RPE1_WT_NT,L21,AAAGATGTCATGTCTT-1,,G2_M,RPE1_WT_NTG2_M
GCGTTACAGACCGCAGTAGT,1B,RPE1_WT_NT,N21,AAAGATGTCATGTGGT-1,,G2_M,RPE1_WT_NTG2_M
GCGTTACAGACCGGAGACAT,1B,RPE1_WT_NT,C21,AAAGATGTCATTATCC-1,,G2_M,RPE1_WT_NTG2_M
GCGTTACAGACCGTTAACAA,1B,RPE1_WT_NT,H21,AAAGATGTCATTCACT-1,,G2_M,RPE1_WT_NTG2_M
GCGTTACAGACGCGTACCAA,1B,RPE1_WT_NT,A21,AAAGATGTCATTGCCC-1,,G2_M,RPE1_WT_NTG2_M
GCGTTACAGATACGTAATCG,1B,RPE1_WT_NT,F21,AAAGATGTCATTGCGA-1,,G2_M,RPE1_WT_NTG2_M
GCGTTACAGATCATCCGTTA,1B,RPE1_WT_NT,I21,AAAGATGTCATTTGGG-1,,G2_M,RPE1_WT_NTG2_M
GCGTTACAGATCTAATCGGT,1B,RPE1_WT_NT,G21,AAAGATGTCCAAACAC-1,,G2_M,RPE1_WT_NTG2_M
GCGTTACAGATCTCTAGACT,1B,RPE1_WT_NT,K21,AAAGATGTCCAAACTG-1,,G2_M,RPE1_WT_NTG2_M
GCGTTACAGATGGACTGGTA,1B,RPE1_WT_NT,M21,AAAGATGTCCAAAGTC-1,,G2_M,RPE1_WT_NTG2_M
GCGTTACAGATTCACCTGTG,1B,RPE1_WT_NT,P21,AAAGATGTCCAAATGC-1,,G2_M,RPE1_WT_NTG2_M
GCGTTACAGATTGGTCAGTT,1B,RPE1_WT_NT,B21,AAAGATGTCCAACCAA-1,,G2_M,RPE1_WT_NTG2_M
GCGTTACAGATTGGTTCCAA,1B,RPE1_WT_NT,D21,AAAGATGTCCAAGCCG-1,,G2_M,RPE1_WT_NTG2_M
GCGTTACAGATTGTACCTAC,1B,RPE1_WT_NT,J21,AAAGATGTCCAAGTAC-1,,G2_M,RPE1_WT_NTG2_M
TAAGGAGAAGACCTAGGAGG,1B,RPE1_WT_NT,O10,AAAGATGTCCAATGGT-1,,G1_Big,RPE1_WT_NTG1_Big
TAAGGAGAAGCACCAAGGAC,1B,RPE1_WT_NT,E10,AAAGATGTCCACGAAT-1,,G1_Big,RPE1_WT_NTG1_Big
TAAGGAGAAGCCATGTTGCA,1B,RPE1_WT_NT,L10,AAAGATGTCCACGACG-1,,G1_Big,RPE1_WT_NTG1_Big
TAAGGAGAAGCCGCAGTAGT,1B,RPE1_WT_NT,N10,AAAGATGTCCACGCAG-1,,G1_Big,RPE1_WT_NTG1_Big
TAAGGAGAAGCCGGAGACAT,1B,RPE1_WT_NT,C10,AAAGATGTCCACGTGG-1,,G1_Big,RPE1_WT_NTG1_Big
TAAGGAGAAGCCGTTAACAA,1B,RPE1_WT_NT,H10,AAAGATGTCCACGTTC-1,,G1_Big,RPE1_WT_NTG1_Big
TAAGGAGAAGCGCGTACCAA,1B,RPE1_WT_NT,A10,AAAGATGTCCACTCCA-1,,G1_Big,RPE1_WT_NTG1_Big
TAAGGAGAAGTACGTAATCG,1B,RPE1_WT_NT,F10,AAAGATGTCCACTGGG-1,,G1_Big,RPE1_WT_NTG1_Big
TAAGGAGAAGTCATCCGTTA,1B,RPE1_WT_NT,I10,AAAGATGTCCAGAAGG-1,,G1_Big,RPE1_WT_NTG1_Big
TAAGGAGAAGTCTAATCGGT,1B,RPE1_WT_NT,G10,AAAGATGTCCAGAGGA-1,,G1_Big,RPE1_WT_NTG1_Big
TAAGGAGAAGTCTCTAGACT,1B,RPE1_WT_NT,K10,AAAGATGTCCAGATCA-1,,G1_Big,RPE1_WT_NTG1_Big
TAAGGAGAAGTGGACTGGTA,1B,RPE1_WT_NT,M10,AAAGATGTCCAGGGCT-1,,G1_Big,RPE1_WT_NTG1_Big
TAAGGAGAAGTTCACCTGTG,1B,RPE1_WT_NT,P10,AAAGATGTCCAGTAGT-1,,G1_Big,RPE1_WT_NTG1_Big
TAAGGAGAAGTTGGTCAGTT,1B,RPE1_WT_NT,B10,AAAGATGTCCAGTATG-1,,G1_Big,RPE1_WT_NTG1_Big
TAAGGAGAAGTTGGTTCCAA,1B,RPE1_WT_NT,D10,AAAGATGTCCATGAAC-1,,G1_Big,RPE1_WT_NTG1_Big
TAAGGAGAAGTTGTACCTAC,1B,RPE1_WT_NT,J10,AAAGATGTCCATGAGT-1,,G1_Big,RPE1_WT_NTG1_Big
TAAGGTGCGGACCTAGGAGG,1B,RPE1_WT_NT,O16,AAAGATGTCCATGCTC-1,,S_Phase,RPE1_WT_NTS_Phase
TAAGGTGCGGCACCAAGGAC,1B,RPE1_WT_NT,E16,AAAGATGTCCATTCTA-1,,S_Phase,RPE1_WT_NTS_Phase
TAAGGTGCGGCCATGTTGCA,1B,RPE1_WT_NT,L16,AAAGATGTCCCAACGG-1,,S_Phase,RPE1_WT_NTS_Phase
TAAGGTGCGGCCGCAGTAGT,1B,RPE1_WT_NT,N16,AAAGATGTCCCAAGAT-1,,S_Phase,RPE1_WT_NTS_Phase
TAAGGTGCGGCCGGAGACAT,1B,RPE1_WT_NT,C16,AAAGATGTCCCAAGTA-1,,S_Phase,RPE1_WT_NTS_Phase
TAAGGTGCGGCCGTTAACAA,1B,RPE1_WT_NT,H16,AAAGATGTCCCACTTG-1,,S_Phase,RPE1_WT_NTS_Phase
TAAGGTGCGGCGCGTACCAA,1B,RPE1_WT_NT,A16,AAAGATGTCCCAGGTG-1,,S_Phase,RPE1_WT_NTS_Phase
TAAGGTGCGGTACGTAATCG,1B,RPE1_WT_NT,F16,AAAGATGTCCCATTAT-1,,S_Phase,RPE1_WT_NTS_Phase
TAAGGTGCGGTCATCCGTTA,1B,RPE1_WT_NT,I16,AAAGATGTCCCATTTA-1,,S_Phase,RPE1_WT_NTS_Phase
TAAGGTGCGGTCTAATCGGT,1B,RPE1_WT_NT,G16,AAAGATGTCCCGACTT-1,,S_Phase,RPE1_WT_NTS_Phase
TAAGGTGCGGTCTCTAGACT,1B,RPE1_WT_NT,K16,AAAGATGTCCCGGATG-1,,S_Phase,RPE1_WT_NTS_Phase
TAAGGTGCGGTGGACTGGTA,1B,RPE1_WT_NT,M16,AAAGATGTCCCTAACC-1,,S_Phase,RPE1_WT_NTS_Phase
TAAGGTGCGGTTCACCTGTG,1B,RPE1_WT_NT,P16,AAAGATGTCCCTAATT-1,,S_Phase,RPE1_WT_NTS_Phase
TAAGGTGCGGTTGGTCAGTT,1B,RPE1_WT_NT,B16,AAAGATGTCCCTCAGT-1,,S_Phase,RPE1_WT_NTS_Phase
TAAGGTGCGGTTGGTTCCAA,1B,RPE1_WT_NT,D16,AAAGATGTCCCTCTTT-1,,S_Phase,RPE1_WT_NTS_Phase
TAAGGTGCGGTTGTACCTAC,1B,RPE1_WT_NT,J16,AAAGATGTCCCTGACT-1,,S_Phase,RPE1_WT_NTS_Phase
TACAGGACAAACCTAGGAGG,1B,RPE1_WT_NT,O20,AAAGATGTCCCTTGCA-1,,G2_M,RPE1_WT_NTG2_M
TACAGGACAACACCAAGGAC,1B,RPE1_WT_NT,E20,AAAGATGTCCCTTGTG-1,,G2_M,RPE1_WT_NTG2_M
TACAGGACAACCATGTTGCA,1B,RPE1_WT_NT,L20,AAAGATGTCCGAACGC-1,,G2_M,RPE1_WT_NTG2_M
TACAGGACAACCGCAGTAGT,1B,RPE1_WT_NT,N20,AAAGATGTCCGAAGAG-1,,G2_M,RPE1_WT_NTG2_M
TACAGGACAACCGGAGACAT,1B,RPE1_WT_NT,C20,AAAGATGTCCGAATGT-1,,G2_M,RPE1_WT_NTG2_M
TACAGGACAACCGTTAACAA,1B,RPE1_WT_NT,H20,AAAGATGTCCGAGCCA-1,,G2_M,RPE1_WT_NTG2_M
TACAGGACAACGCGTACCAA,1B,RPE1_WT_NT,A20,AAAGATGTCCGATATG-1,,G2_M,RPE1_WT_NTG2_M
TACAGGACAATACGTAATCG,1B,RPE1_WT_NT,F20,AAAGATGTCCGCAAGC-1,,G2_M,RPE1_WT_NTG2_M
TACAGGACAATCATCCGTTA,1B,RPE1_WT_NT,I20,AAAGATGTCCGCAGTG-1,,G2_M,RPE1_WT_NTG2_M
TACAGGACAATCTAATCGGT,1B,RPE1_WT_NT,G20,AAAGATGTCCGCATAA-1,,G2_M,RPE1_WT_NTG2_M
TACAGGACAATCTCTAGACT,1B,RPE1_WT_NT,K20,AAAGATGTCCGCATCT-1,,G2_M,RPE1_WT_NTG2_M
TACAGGACAATGGACTGGTA,1B,RPE1_WT_NT,M20,AAAGATGTCCGCGCAA-1,,G2_M,RPE1_WT_NTG2_M
TACAGGACAATTCACCTGTG,1B,RPE1_WT_NT,P20,AAAGATGTCCGCGGTA-1,,G2_M,RPE1_WT_NTG2_M
TACAGGACAATTGGTCAGTT,1B,RPE1_WT_NT,B20,AAAGATGTCCGCGTTT-1,,G2_M,RPE1_WT_NTG2_M
TACAGGACAATTGGTTCCAA,1B,RPE1_WT_NT,D20,AAAGATGTCCGCTGTT-1,,G2_M,RPE1_WT_NTG2_M
TACAGGACAATTGTACCTAC,1B,RPE1_WT_NT,J20,AAAGATGTCCGGCACA-1,,G2_M,RPE1_WT_NTG2_M
TAGACCGTTGACCTAGGAGG,1B,RPE1_WT_NT,O05,AAAGATGTCCGGGTGT-1,,G1_small,RPE1_WT_NTG1_small
TAGACCGTTGCACCAAGGAC,1B,RPE1_WT_NT,E05,AAAGATGTCCGTACAA-1,,G1_small,RPE1_WT_NTG1_small
TAGACCGTTGCCATGTTGCA,1B,RPE1_WT_NT,L05,AAAGATGTCCGTAGGC-1,,G1_small,RPE1_WT_NTG1_small
TAGACCGTTGCCGCAGTAGT,1B,RPE1_WT_NT,N05,AAAGATGTCCGTAGTA-1,,G1_small,RPE1_WT_NTG1_small
TAGACCGTTGCCGGAGACAT,1B,RPE1_WT_NT,C05,AAAGATGTCCGTCAAA-1,,G1_small,RPE1_WT_NTG1_small
TAGACCGTTGCCGTTAACAA,1B,RPE1_WT_NT,H05,AAAGATGTCCGTCATC-1,,G1_small,RPE1_WT_NTG1_small
TAGACCGTTGCGCGTACCAA,1B,RPE1_WT_NT,A05,AAAGATGTCCGTTGCT-1,,G1_small,RPE1_WT_NTG1_small
TAGACCGTTGTACGTAATCG,1B,RPE1_WT_NT,F05,AAAGATGTCCGTTGTC-1,,G1_small,RPE1_WT_NTG1_small
TAGACCGTTGTCATCCGTTA,1B,RPE1_WT_NT,I05,AAAGATGTCCTAAGTG-1,,G1_small,RPE1_WT_NTG1_small
TAGACCGTTGTCTAATCGGT,1B,RPE1_WT_NT,G05,AAAGATGTCCTACAGA-1,,G1_small,RPE1_WT_NTG1_small
TAGACCGTTGTCTCTAGACT,1B,RPE1_WT_NT,K05,AAAGATGTCCTAGAAC-1,,G1_small,RPE1_WT_NTG1_small
TAGACCGTTGTGGACTGGTA,1B,RPE1_WT_NT,M05,AAAGATGTCCTAGGGC-1,,G1_small,RPE1_WT_NTG1_small
TAGACCGTTGTTCACCTGTG,1B,RPE1_WT_NT,P05,AAAGATGTCCTAGTGA-1,,G1_small,RPE1_WT_NTG1_small
TAGACCGTTGTTGGTCAGTT,1B,RPE1_WT_NT,B05,AAAGATGTCCTATGTT-1,,G1_small,RPE1_WT_NTG1_small
TAGACCGTTGTTGGTTCCAA,1B,RPE1_WT_NT,D05,AAAGATGTCCTATTCA-1,,G1_small,RPE1_WT_NTG1_small
TAGACCGTTGTTGTACCTAC,1B,RPE1_WT_NT,J05,AAAGATGTCCTCAACC-1,,G1_small,RPE1_WT_NTG1_small
TAGTAGGACAACCTAGGAGG,1B,RPE1_WT_NT,O19,AAAGATGTCCTCAATT-1,,G2_M,RPE1_WT_NTG2_M
TAGTAGGACACACCAAGGAC,1B,RPE1_WT_NT,E19,AAAGATGTCCTCATTA-1,,G2_M,RPE1_WT_NTG2_M
TAGTAGGACACCATGTTGCA,1B,RPE1_WT_NT,L19,AAAGATGTCCTCCTAG-1,,G2_M,RPE1_WT_NTG2_M
TAGTAGGACACCGCAGTAGT,1B,RPE1_WT_NT,N19,AAAGATGTCCTCGCAT-1,,G2_M,RPE1_WT_NTG2_M
TAGTAGGACACCGGAGACAT,1B,RPE1_WT_NT,C19,AAAGATGTCCTCTAGC-1,,G2_M,RPE1_WT_NTG2_M
TAGTAGGACACCGTTAACAA,1B,RPE1_WT_NT,H19,AAAGATGTCCTGCAGG-1,,G2_M,RPE1_WT_NTG2_M
TAGTAGGACACGCGTACCAA,1B,RPE1_WT_NT,A19,AAAGATGTCCTGCCAT-1,,G2_M,RPE1_WT_NTG2_M
TAGTAGGACATACGTAATCG,1B,RPE1_WT_NT,F19,AAAGATGTCCTGCTTG-1,,G2_M,RPE1_WT_NTG2_M
TAGTAGGACATCATCCGTTA,1B,RPE1_WT_NT,I19,AAAGATGTCCTGTACC-1,,G2_M,RPE1_WT_NTG2_M
TAGTAGGACATCTAATCGGT,1B,RPE1_WT_NT,G19,AAAGATGTCCTGTAGA-1,,G2_M,RPE1_WT_NTG2_M
TAGTAGGACATCTCTAGACT,1B,RPE1_WT_NT,K19,AAAGATGTCCTTAATC-1,,G2_M,RPE1_WT_NTG2_M
TAGTAGGACATGGACTGGTA,1B,RPE1_WT_NT,M19,AAAGATGTCCTTCAAT-1,,G2_M,RPE1_WT_NTG2_M
TAGTAGGACATTCACCTGTG,1B,RPE1_WT_NT,P19,AAAGATGTCCTTGACC-1,,G2_M,RPE1_WT_NTG2_M
TAGTAGGACATTGGTCAGTT,1B,RPE1_WT_NT,B19,AAAGATGTCCTTGCCA-1,,G2_M,RPE1_WT_NTG2_M
TAGTAGGACATTGGTTCCAA,1B,RPE1_WT_NT,D19,AAAGATGTCCTTGGTC-1,,G2_M,RPE1_WT_NTG2_M
TAGTAGGACATTGTACCTAC,1B,RPE1_WT_NT,J19,AAAGATGTCCTTTACA-1,,G2_M,RPE1_WT_NTG2_M
TCACCACATAACCTAGGAGG,1B,RPE1_WT_NT,O12,AAAGATGTCCTTTCGG-1,,G1_Big,RPE1_WT_NTG1_Big
TCACCACATACACCAAGGAC,1B,RPE1_WT_NT,E12,AAAGATGTCCTTTCTC-1,,G1_Big,RPE1_WT_NTG1_Big
TCACCACATACCATGTTGCA,1B,RPE1_WT_NT,L12,AAAGATGTCGAACGGA-1,,G1_Big,RPE1_WT_NTG1_Big
TCACCACATACCGCAGTAGT,1B,RPE1_WT_NT,N12,AAAGATGTCGAACTGT-1,,G1_Big,RPE1_WT_NTG1_Big
TCACCACATACCGGAGACAT,1B,RPE1_WT_NT,C12,AAAGATGTCGAATCCA-1,,G1_Big,RPE1_WT_NTG1_Big
TCACCACATACCGTTAACAA,1B,RPE1_WT_NT,H12,AAAGATGTCGAATGCT-1,,G1_Big,RPE1_WT_NTG1_Big
TCACCACATACGCGTACCAA,1B,RPE1_WT_NT,A12,AAAGATGTCGAATGGG-1,,G1_Big,RPE1_WT_NTG1_Big
TCACCACATATACGTAATCG,1B,RPE1_WT_NT,F12,AAAGATGTCGACAGCC-1,,G1_Big,RPE1_WT_NTG1_Big
TCACCACATATCATCCGTTA,1B,RPE1_WT_NT,I12,AAAGATGTCGACCAGC-1,,G1_Big,RPE1_WT_NTG1_Big
TCACCACATATCTAATCGGT,1B,RPE1_WT_NT,G12,AAAGATGTCGACGGAA-1,,G1_Big,RPE1_WT_NTG1_Big
TCACCACATATCTCTAGACT,1B,RPE1_WT_NT,K12,AAAGATGTCGAGAACG-1,,G1_Big,RPE1_WT_NTG1_Big
TCACCACATATGGACTGGTA,1B,RPE1_WT_NT,M12,AAAGATGTCGAGAGCA-1,,G1_Big,RPE1_WT_NTG1_Big
TCACCACATATTCACCTGTG,1B,RPE1_WT_NT,P12,AAAGATGTCGAGCCCA-1,,G1_Big,RPE1_WT_NTG1_Big
TCACCACATATTGGTCAGTT,1B,RPE1_WT_NT,B12,AAAGATGTCGAGGTAG-1,,G1_Big,RPE1_WT_NTG1_Big
TCACCACATATTGGTTCCAA,1B,RPE1_WT_NT,D12,AAAGATGTCGATAGAA-1,,G1_Big,RPE1_WT_NTG1_Big
TCACCACATATTGTACCTAC,1B,RPE1_WT_NT,J12,AAAGATGTCGATCCCT-1,,G1_Big,RPE1_WT_NTG1_Big
TGAGCCTTCTACCTAGGAGG,1B,RPE1_WT_NT,O04,AAAGATGTCGATGAGG-1,,G1_small,RPE1_WT_NTG1_small
TGAGCCTTCTCACCAAGGAC,1B,RPE1_WT_NT,E04,AAAGATGTCGCAAACT-1,,G1_small,RPE1_WT_NTG1_small
TGAGCCTTCTCCATGTTGCA,1B,RPE1_WT_NT,L04,AAAGATGTCGCAAGCC-1,,G1_small,RPE1_WT_NTG1_small
TGAGCCTTCTCCGCAGTAGT,1B,RPE1_WT_NT,N04,AAAGATGTCGCACTCT-1,,G1_small,RPE1_WT_NTG1_small
TGAGCCTTCTCCGGAGACAT,1B,RPE1_WT_NT,C04,AAAGATGTCGCAGGCT-1,,G1_small,RPE1_WT_NTG1_small
TGAGCCTTCTCCGTTAACAA,1B,RPE1_WT_NT,H04,AAAGATGTCGCATGAT-1,,G1_small,RPE1_WT_NTG1_small
TGAGCCTTCTCGCGTACCAA,1B,RPE1_WT_NT,A04,AAAGATGTCGCATGGC-1,,G1_small,RPE1_WT_NTG1_small
TGAGCCTTCTTACGTAATCG,1B,RPE1_WT_NT,F04,AAAGATGTCGCCAAAT-1,,G1_small,RPE1_WT_NTG1_small
TGAGCCTTCTTCATCCGTTA,1B,RPE1_WT_NT,I04,AAAGATGTCGCCAGCA-1,,G1_small,RPE1_WT_NTG1_small
TGAGCCTTCTTCTAATCGGT,1B,RPE1_WT_NT,G04,AAAGATGTCGCCATAA-1,,G1_small,RPE1_WT_NTG1_small
TGAGCCTTCTTCTCTAGACT,1B,RPE1_WT_NT,K04,AAAGATGTCGCCCTTA-1,,G1_small,RPE1_WT_NTG1_small
TGAGCCTTCTTGGACTGGTA,1B,RPE1_WT_NT,M04,AAAGATGTCGCCGTGA-1,,G1_small,RPE1_WT_NTG1_small
TGAGCCTTCTTTCACCTGTG,1B,RPE1_WT_NT,P04,AAAGATGTCGCCTGAG-1,,G1_small,RPE1_WT_NTG1_small
TGAGCCTTCTTTGGTCAGTT,1B,RPE1_WT_NT,B04,AAAGATGTCGCCTGTT-1,,G1_small,RPE1_WT_NTG1_small
TGAGCCTTCTTTGGTTCCAA,1B,RPE1_WT_NT,D04,AAAGATGTCGCGATCG-1,,G1_small,RPE1_WT_NTG1_small
TGAGCCTTCTTTGTACCTAC,1B,RPE1_WT_NT,J04,AAAGATGTCGCGCCAA-1,,G1_small,RPE1_WT_NTG1_small
TGAGGTTGTAACCTAGGAGG,1B,RPE1_WT_NT,O01,AAAGATGTCGCGGATC-1,,G1_small,RPE1_WT_NTG1_small
TGAGGTTGTACACCAAGGAC,1B,RPE1_WT_NT,E01,AAAGATGTCGCGTAGC-1,,G1_small,RPE1_WT_NTG1_small
TGAGGTTGTACCATGTTGCA,1B,RPE1_WT_NT,L01,AAAGATGTCGCGTTTC-1,,G1_small,RPE1_WT_NTG1_small
TGAGGTTGTACCGCAGTAGT,1B,RPE1_WT_NT,N01,AAAGATGTCGCTAGCG-1,,G1_small,RPE1_WT_NTG1_small
TGAGGTTGTACCGGAGACAT,1B,RPE1_WT_NT,C01,AAAGATGTCGCTGATA-1,,G1_small,RPE1_WT_NTG1_small
TGAGGTTGTACCGTTAACAA,1B,RPE1_WT_NT,H01,AAAGATGTCGCTTAGA-1,,G1_small,RPE1_WT_NTG1_small
TGAGGTTGTACGCGTACCAA,1B,RPE1_WT_NT,A01,AAAGATGTCGCTTGTC-1,,G1_small,RPE1_WT_NTG1_small
TGAGGTTGTATACGTAATCG,1B,RPE1_WT_NT,F01,AAAGATGTCGGAAACG-1,,G1_small,RPE1_WT_NTG1_small
TGAGGTTGTATCATCCGTTA,1B,RPE1_WT_NT,I01,AAAGATGTCGGAAATA-1,,G1_small,RPE1_WT_NTG1_small
TGAGGTTGTATCTAATCGGT,1B,RPE1_WT_NT,G01,AAAGATGTCGGAATCT-1,,G1_small,RPE1_WT_NTG1_small
TGAGGTTGTATCTCTAGACT,1B,RPE1_WT_NT,K01,AAAGATGTCGGACAAG-1,,G1_small,RPE1_WT_NTG1_small
TGAGGTTGTATGGACTGGTA,1B,RPE1_WT_NT,M01,AAAGATGTCGGAGCAA-1,,G1_small,RPE1_WT_NTG1_small
TGAGGTTGTATTCACCTGTG,1B,RPE1_WT_NT,P01,AAAGATGTCGGAGGTA-1,,G1_small,RPE1_WT_NTG1_small
TGAGGTTGTATTGGTCAGTT,1B,RPE1_WT_NT,B01,AAAGATGTCGGATGGA-1,,G1_small,RPE1_WT_NTG1_small
TGAGGTTGTATTGGTTCCAA,1B,RPE1_WT_NT,D01,AAAGATGTCGGATGTT-1,,G1_small,RPE1_WT_NTG1_small
TGAGGTTGTATTGTACCTAC,1B,RPE1_WT_NT,J01,AAAGATGTCGGCATCG-1,,G1_small,RPE1_WT_NTG1_small
TGTAAGTCACACCTAGGAGG,1B,RPE1_WT_NT,O23,AAAGATGTCGGCCGAT-1,,G2_M,RPE1_WT_NTG2_M
TGTAAGTCACCACCAAGGAC,1B,RPE1_WT_NT,E23,AAAGATGTCGGCGCAT-1,,G2_M,RPE1_WT_NTG2_M
TGTAAGTCACCCATGTTGCA,1B,RPE1_WT_NT,L23,AAAGATGTCGGCGCTA-1,,G2_M,RPE1_WT_NTG2_M
TGTAAGTCACCCGCAGTAGT,1B,RPE1_WT_NT,N23,AAAGATGTCGGCGGTT-1,,G2_M,RPE1_WT_NTG2_M
TGTAAGTCACCCGGAGACAT,1B,RPE1_WT_NT,C23,AAAGATGTCGGCTACG-1,,G2_M,RPE1_WT_NTG2_M
TGTAAGTCACCCGTTAACAA,1B,RPE1_WT_NT,H23,AAAGATGTCGGCTTGG-1,,G2_M,RPE1_WT_NTG2_M
TGTAAGTCACCGCGTACCAA,1B,RPE1_WT_NT,A23,AAAGATGTCGGGAGTA-1,,G2_M,RPE1_WT_NTG2_M
TGTAAGTCACTACGTAATCG,1B,RPE1_WT_NT,F23,AAAGATGTCGGTCCGA-1,,G2_M,RPE1_WT_NTG2_M
TGTAAGTCACTCATCCGTTA,1B,RPE1_WT_NT,I23,AAAGATGTCGGTCTAA-1,,G2_M,RPE1_WT_NTG2_M
TGTAAGTCACTCTAATCGGT,1B,RPE1_WT_NT,G23,AAAGATGTCGGTGTCG-1,,G2_M,RPE1_WT_NTG2_M
TGTAAGTCACTCTCTAGACT,1B,RPE1_WT_NT,K23,AAAGATGTCGGTGTTA-1,,G2_M,RPE1_WT_NTG2_M
TGTAAGTCACTGGACTGGTA,1B,RPE1_WT_NT,M23,AAAGATGTCGGTTAAC-1,,G2_M,RPE1_WT_NTG2_M
TGTAAGTCACTTCACCTGTG,1B,RPE1_WT_NT,P23,AAAGATGTCGGTTCGG-1,,G2_M,RPE1_WT_NTG2_M
TGTAAGTCACTTGGTCAGTT,1B,RPE1_WT_NT,B23,AAAGATGTCGTACCGG-1,,G2_M,RPE1_WT_NTG2_M
TGTAAGTCACTTGGTTCCAA,1B,RPE1_WT_NT,D23,AAAGATGTCGTACGGC-1,,G2_M,RPE1_WT_NTG2_M
TGTAAGTCACTTGTACCTAC,1B,RPE1_WT_NT,J23,AAAGATGTCGTAGATC-1,,G2_M,RPE1_WT_NTG2_M
TGTGGTGCTAACCTAGGAGG,1B,RPE1_WT_NT,O24,AAAGATGTCGTAGGAG-1,,G2_M,RPE1_WT_NTG2_M
TGTGGTGCTACACCAAGGAC,1B,RPE1_WT_NT,E24,AAAGATGTCGTAGGTT-1,,G2_M,RPE1_WT_NTG2_M
TGTGGTGCTACCATGTTGCA,1B,RPE1_WT_NT,L24,AAAGATGTCGTATCAG-1,,G2_M,RPE1_WT_NTG2_M
TGTGGTGCTACCGCAGTAGT,1B,RPE1_WT_NT,N24,AAAGATGTCGTCACGG-1,,G2_M,RPE1_WT_NTG2_M
TGTGGTGCTACCGTTAACAA,1B,RPE1_WT_NT,H24,AAAGATGTCGTCCAGG-1,,G2_M,RPE1_WT_NTG2_M
TGTGGTGCTATACGTAATCG,1B,RPE1_WT_NT,F24,AAAGATGTCGTCCGTT-1,,G2_M,RPE1_WT_NTG2_M
TGTGGTGCTATCATCCGTTA,1B,RPE1_WT_NT,I24,AAAGATGTCGTCGTTC-1,,G2_M,RPE1_WT_NTG2_M
TGTGGTGCTATCTAATCGGT,1B,RPE1_WT_NT,G24,AAAGATGTCGTCTGAA-1,,G2_M,RPE1_WT_NTG2_M
TGTGGTGCTATCTCTAGACT,1B,RPE1_WT_NT,K24,AAAGATGTCGTCTGCT-1,,G2_M,RPE1_WT_NTG2_M
TGTGGTGCTATGGACTGGTA,1B,RPE1_WT_NT,M24,AAAGATGTCGTGACAT-1,,G2_M,RPE1_WT_NTG2_M
TGTGGTGCTATTGGTCAGTT,1B,RPE1_WT_NT,B24,AAAGATGTCGTGGACC-1,,G2_M,RPE1_WT_NTG2_M
TGTGGTGCTATTGGTTCCAA,1B,RPE1_WT_NT,D24,AAAGATGTCGTGGGAA-1,,G2_M,RPE1_WT_NTG2_M
TGTGGTGCTATTGTACCTAC,1B,RPE1_WT_NT,J24,AAAGATGTCGTGGTCG-1,,G2_M,RPE1_WT_NTG2_M
TTATGGTGGTACCTAGGAGG,1B,RPE1_WT_NT,O08,AAAGATGTCGTGTAGT-1,,G1_Big,RPE1_WT_NTG1_Big
TTATGGTGGTCACCAAGGAC,1B,RPE1_WT_NT,E08,AAAGATGTCGTTACAG-1,,G1_Big,RPE1_WT_NTG1_Big
TTATGGTGGTCCATGTTGCA,1B,RPE1_WT_NT,L08,AAAGATGTCGTTACGA-1,,G1_Big,RPE1_WT_NTG1_Big
TTATGGTGGTCCGCAGTAGT,1B,RPE1_WT_NT,N08,AAAGATGTCGTTGACA-1,,G1_Big,RPE1_WT_NTG1_Big
TTATGGTGGTCCGGAGACAT,1B,RPE1_WT_NT,C08,AAAGATGTCGTTGCCT-1,,G1_Big,RPE1_WT_NTG1_Big
TTATGGTGGTCCGTTAACAA,1B,RPE1_WT_NT,H08,AAAGATGTCGTTTAGG-1,,G1_Big,RPE1_WT_NTG1_Big
TTATGGTGGTCGCGTACCAA,1B,RPE1_WT_NT,A08,AAAGATGTCGTTTATC-1,,G1_Big,RPE1_WT_NTG1_Big
TTATGGTGGTTACGTAATCG,1B,RPE1_WT_NT,F08,AAAGATGTCGTTTGCC-1,,G1_Big,RPE1_WT_NTG1_Big
TTATGGTGGTTCATCCGTTA,1B,RPE1_WT_NT,I08,AAAGATGTCTAACCGA-1,,G1_Big,RPE1_WT_NTG1_Big
TTATGGTGGTTCTAATCGGT,1B,RPE1_WT_NT,G08,AAAGATGTCTAACGGT-1,,G1_Big,RPE1_WT_NTG1_Big
TTATGGTGGTTCTCTAGACT,1B,RPE1_WT_NT,K08,AAAGATGTCTAACTCT-1,,G1_Big,RPE1_WT_NTG1_Big
TTATGGTGGTTGGACTGGTA,1B,RPE1_WT_NT,M08,AAAGATGTCTAACTGG-1,,G1_Big,RPE1_WT_NTG1_Big
TTATGGTGGTTTCACCTGTG,1B,RPE1_WT_NT,P08,AAAGATGTCTAACTTC-1,,G1_Big,RPE1_WT_NTG1_Big
TTATGGTGGTTTGGTCAGTT,1B,RPE1_WT_NT,B08,AAAGATGTCTAAGCCA-1,,G1_Big,RPE1_WT_NTG1_Big
TTATGGTGGTTTGGTTCCAA,1B,RPE1_WT_NT,D08,AAAGATGTCTACCAGA-1,,G1_Big,RPE1_WT_NTG1_Big
TTATGGTGGTTTGTACCTAC,1B,RPE1_WT_NT,J08,AAAGATGTCTACCTGC-1,,G1_Big,RPE1_WT_NTG1_Big
TTGGAGCAATACCTAGGAGG,1B,RPE1_WT_NT,O18,AAAGATGTCTACGAGT-1,,S_Phase,RPE1_WT_NTS_Phase
TTGGAGCAATCACCAAGGAC,1B,RPE1_WT_NT,E18,AAAGATGTCTACTATC-1,,S_Phase,RPE1_WT_NTS_Phase
TTGGAGCAATCCATGTTGCA,1B,RPE1_WT_NT,L18,AAAGATGTCTACTCAT-1,,S_Phase,RPE1_WT_NTS_Phase
TTGGAGCAATCCGCAGTAGT,1B,RPE1_WT_NT,N18,AAAGATGTCTACTTAC-1,,S_Phase,RPE1_WT_NTS_Phase
TTGGAGCAATCCGGAGACAT,1B,RPE1_WT_NT,C18,AAAGATGTCTAGAGTC-1,,S_Phase,RPE1_WT_NTS_Phase
TTGGAGCAATCCGTTAACAA,1B,RPE1_WT_NT,H18,AAAGATGTCTAGCACA-1,,S_Phase,RPE1_WT_NTS_Phase
TTGGAGCAATCGCGTACCAA,1B,RPE1_WT_NT,A18,AAAGATGTCTATCCCG-1,,S_Phase,RPE1_WT_NTS_Phase
TTGGAGCAATTACGTAATCG,1B,RPE1_WT_NT,F18,AAAGATGTCTATCCTA-1,,S_Phase,RPE1_WT_NTS_Phase
TTGGAGCAATTCATCCGTTA,1B,RPE1_WT_NT,I18,AAAGATGTCTATCGCC-1,,S_Phase,RPE1_WT_NTS_Phase
TTGGAGCAATTCTAATCGGT,1B,RPE1_WT_NT,G18,AAAGATGTCTATGTGG-1,,S_Phase,RPE1_WT_NTS_Phase
TTGGAGCAATTCTCTAGACT,1B,RPE1_WT_NT,K18,AAAGATGTCTCAAACG-1,,S_Phase,RPE1_WT_NTS_Phase
TTGGAGCAATTGGACTGGTA,1B,RPE1_WT_NT,M18,AAAGATGTCTCAACTT-1,,S_Phase,RPE1_WT_NTS_Phase
TTGGAGCAATTTCACCTGTG,1B,RPE1_WT_NT,P18,AAAGATGTCTCAAGTG-1,,S_Phase,RPE1_WT_NTS_Phase
TTGGAGCAATTTGGTCAGTT,1B,RPE1_WT_NT,B18,AAAGATGTCTCACATT-1,,S_Phase,RPE1_WT_NTS_Phase
TTGGAGCAATTTGGTTCCAA,1B,RPE1_WT_NT,D18,AAAGATGTCTCATTCA-1,,S_Phase,RPE1_WT_NTS_Phase
TTGGAGCAATTTGTACCTAC,1B,RPE1_WT_NT,J18,AAAGATGTCTCCAACC-1,,S_Phase,RPE1_WT_NTS_Phase
TTGGTGACGCACCTAGGAGG,1B,RPE1_WT_NT,O14,AAAGATGTCTCCAGGG-1,,S_Phase,RPE1_WT_NTS_Phase
TTGGTGACGCCACCAAGGAC,1B,RPE1_WT_NT,E14,AAAGATGTCTCCCTGA-1,,S_Phase,RPE1_WT_NTS_Phase
TTGGTGACGCCCATGTTGCA,1B,RPE1_WT_NT,L14,AAAGATGTCTCCGGTT-1,,S_Phase,RPE1_WT_NTS_Phase
TTGGTGACGCCCGCAGTAGT,1B,RPE1_WT_NT,N14,AAAGATGTCTCCTATA-1,,S_Phase,RPE1_WT_NTS_Phase
TTGGTGACGCCCGGAGACAT,1B,RPE1_WT_NT,C14,AAAGATGTCTCGAGTA-1,,S_Phase,RPE1_WT_NTS_Phase
TTGGTGACGCCCGTTAACAA,1B,RPE1_WT_NT,H14,AAAGATGTCTCGATGA-1,,S_Phase,RPE1_WT_NTS_Phase
TTGGTGACGCCGCGTACCAA,1B,RPE1_WT_NT,A14,AAAGATGTCTCGCATC-1,,S_Phase,RPE1_WT_NTS_Phase
TTGGTGACGCTACGTAATCG,1B,RPE1_WT_NT,F14,AAAGATGTCTCGCTTG-1,,S_Phase,RPE1_WT_NTS_Phase
TTGGTGACGCTCATCCGTTA,1B,RPE1_WT_NT,I14,AAAGATGTCTCGGACG-1,,S_Phase,RPE1_WT_NTS_Phase
TTGGTGACGCTCTAATCGGT,1B,RPE1_WT_NT,G14,AAAGATGTCTCGTATT-1,,S_Phase,RPE1_WT_NTS_Phase
TTGGTGACGCTCTCTAGACT,1B,RPE1_WT_NT,K14,AAAGATGTCTCGTTTA-1,,S_Phase,RPE1_WT_NTS_Phase
TTGGTGACGCTGGACTGGTA,1B,RPE1_WT_NT,M14,AAAGATGTCTCTAAGG-1,,S_Phase,RPE1_WT_NTS_Phase
TTGGTGACGCTTCACCTGTG,1B,RPE1_WT_NT,P14,AAAGATGTCTCTAGGA-1,,S_Phase,RPE1_WT_NTS_Phase
TTGGTGACGCTTGGTCAGTT,1B,RPE1_WT_NT,B14,AAAGATGTCTCTGAGA-1,,S_Phase,RPE1_WT_NTS_Phase
TTGGTGACGCTTGGTTCCAA,1B,RPE1_WT_NT,D14,AAAGATGTCTCTGCTG-1,,S_Phase,RPE1_WT_NTS_Phase
TTGGTGACGCTTGTACCTAC,1B,RPE1_WT_NT,J14,AAAGATGTCTCTGTCG-1,,S_Phase,RPE1_WT_NTS_Phase
TTGTGGTTCGACCTAGGAGG,1B,RPE1_WT_NT,O06,AAAGATGTCTCTTATG-1,,G1_small,RPE1_WT_NTG1_small
TTGTGGTTCGCACCAAGGAC,1B,RPE1_WT_NT,E06,AAAGATGTCTCTTGAT-1,,G1_small,RPE1_WT_NTG1_small
TTGTGGTTCGCCATGTTGCA,1B,RPE1_WT_NT,L06,AAAGATGTCTGAAAGA-1,,G1_small,RPE1_WT_NTG1_small
TTGTGGTTCGCCGCAGTAGT,1B,RPE1_WT_NT,N06,AAAGATGTCTGACCTC-1,,G1_small,RPE1_WT_NTG1_small
TTGTGGTTCGCCGGAGACAT,1B,RPE1_WT_NT,C06,AAAGATGTCTGAGGGA-1,,G1_small,RPE1_WT_NTG1_small
TTGTGGTTCGCGCGTACCAA,1B,RPE1_WT_NT,A06,AAAGATGTCTGAGTGT-1,,G1_small,RPE1_WT_NTG1_small
TTGTGGTTCGTACGTAATCG,1B,RPE1_WT_NT,F06,AAAGATGTCTGATACG-1,,G1_small,RPE1_WT_NTG1_small
TTGTGGTTCGTCATCCGTTA,1B,RPE1_WT_NT,I06,AAAGATGTCTGATTCT-1,,G1_small,RPE1_WT_NTG1_small
TTGTGGTTCGTCTAATCGGT,1B,RPE1_WT_NT,G06,AAAGATGTCTGCAAGT-1,,G1_small,RPE1_WT_NTG1_small
TTGTGGTTCGTCTCTAGACT,1B,RPE1_WT_NT,K06,AAAGATGTCTGCAGTA-1,,G1_small,RPE1_WT_NTG1_small
TTGTGGTTCGTGGACTGGTA,1B,RPE1_WT_NT,M06,AAAGATGTCTGCCAGG-1,,G1_small,RPE1_WT_NTG1_small
TTGTGGTTCGTTCACCTGTG,1B,RPE1_WT_NT,P06,AAAGATGTCTGCCCTA-1,,G1_small,RPE1_WT_NTG1_small
TTGTGGTTCGTTGGTCAGTT,1B,RPE1_WT_NT,B06,AAAGATGTCTGCGACG-1,,G1_small,RPE1_WT_NTG1_small
TTGTGGTTCGTTGGTTCCAA,1B,RPE1_WT_NT,D06,AAAGATGTCTGCGGCA-1,,G1_small,RPE1_WT_NTG1_small
TTGTGGTTCGTTGTACCTAC,1B,RPE1_WT_NT,J06,AAAGATGTCTGCGTAA-1,,G1_small,RPE1_WT_NTG1_small
TTGTTACTCCACCTAGGAGG,1B,RPE1_WT_NT,O13,AAAGATGTCTGCTGCT-1,,S_Phase,RPE1_WT_NTS_Phase
TTGTTACTCCCACCAAGGAC,1B,RPE1_WT_NT,E13,AAAGATGTCTGCTGTC-1,,S_Phase,RPE1_WT_NTS_Phase
TTGTTACTCCCCATGTTGCA,1B,RPE1_WT_NT,L13,AAAGATGTCTGCTTGC-1,,S_Phase,RPE1_WT_NTS_Phase
TTGTTACTCCCCGCAGTAGT,1B,RPE1_WT_NT,N13,AAAGATGTCTGGAGCC-1,,S_Phase,RPE1_WT_NTS_Phase
TTGTTACTCCCCGGAGACAT,1B,RPE1_WT_NT,C13,AAAGATGTCTGGCGAC-1,,S_Phase,RPE1_WT_NTS_Phase
TTGTTACTCCCCGTTAACAA,1B,RPE1_WT_NT,H13,AAAGATGTCTGGCGTG-1,,S_Phase,RPE1_WT_NTS_Phase
TTGTTACTCCCGCGTACCAA,1B,RPE1_WT_NT,A13,AAAGATGTCTGGGCCA-1,,S_Phase,RPE1_WT_NTS_Phase
TTGTTACTCCTACGTAATCG,1B,RPE1_WT_NT,F13,AAAGATGTCTGGTATG-1,,S_Phase,RPE1_WT_NTS_Phase
TTGTTACTCCTCATCCGTTA,1B,RPE1_WT_NT,I13,AAAGATGTCTGGTGTA-1,,S_Phase,RPE1_WT_NTS_Phase
TTGTTACTCCTCTAATCGGT,1B,RPE1_WT_NT,G13,AAAGATGTCTGGTTCC-1,,S_Phase,RPE1_WT_NTS_Phase
TTGTTACTCCTCTCTAGACT,1B,RPE1_WT_NT,K13,AAAGATGTCTGTACGA-1,,S_Phase,RPE1_WT_NTS_Phase
TTGTTACTCCTGGACTGGTA,1B,RPE1_WT_NT,M13,AAAGATGTCTGTCAAG-1,,S_Phase,RPE1_WT_NTS_Phase
TTGTTACTCCTTCACCTGTG,1B,RPE1_WT_NT,P13,AAAGATGTCTGTCCGT-1,,S_Phase,RPE1_WT_NTS_Phase
TTGTTACTCCTTGGTCAGTT,1B,RPE1_WT_NT,B13,AAAGATGTCTGTCTAT-1,,S_Phase,RPE1_WT_NTS_Phase
TTGTTACTCCTTGGTTCCAA,1B,RPE1_WT_NT,D13,AAAGATGTCTGTCTCG-1,,S_Phase,RPE1_WT_NTS_Phase
TTGTTACTCCTTGTACCTAC,1B,RPE1_WT_NT,J13,AAAGATGTCTGTGCAA-1,,S_Phase,RPE1_WT_NTS_Phase
